1,雨林,20
2,可爱,11
3,好看,9
4,啊啊啊,9
5,真的,8
6,完全,8
7,猫猫,6
8,漂亮,6
9,孩子,6
10,太美,5
11,野猫,4
12,美的,4
13,一亮,4
14,思思,4
15,猫步,3
16,封神,3
17,胡静怡,3
18,造型,3
19,对味,3
20,感叹,3
21,哈哈哈,3
22,ivy,3
23,姐米,3
24,美貌,3
25,直拍,3
26,适配,3
27,秀秀好,3
28,味儿,3
29,秀秀超,3
30,喜欢,3
31,玛雅,3
32,Ivy,3
33,一大跳,3
34,好像,3
35,子璐,3
36,姐姐,3
37,一比,3
38,旁边,3
39,周洛汐,3
40,好媚,3
41,狐狸,3
42,化形,3
43,全员,3
44,美人,3
45,爪子,3
46,cody,3
47,有功,3
48,大大,3
49,滴功,3
50,总算,2
51,有能,2
52,清楚,2
53,中文,2
54,女团,2
55,深圳,2
56,服装,2
57,洛汐,2
58,门面,2
59,欧米茄,2
60,qianyu,2
61,好美,2
62,就秀秀,2
63,耳朵,2
64,团队,2
65,离谱,2
66,秀秀,2
67,出神,2
68,美好,2
69,Alyce,2
70,老天,2
71,救命,2
72,妈呀,2
73,姐美死,2
74,美个,1
75,宝宝,1
76,完美,1
